<?xml version="1.0"?>
<!--
/**
 * Venustheme
 *
 * NOTICE OF LICENSE
 *
 * This source file is subject to the Venustheme.com license that is
 * available through the world-wide-web at this URL:
 * http://www.venustheme.com/license-agreement.html
 *
 * DISCLAIMER
 *
 * Do not edit or add to this file if you wish to upgrade this extension to newer
 * version in the future.
 *
 * @category   Venustheme
 * @package    Ves_Brand
 * @copyright  Copyright (c) 2014 Venustheme (http://www.venustheme.com/)
 * @license    http://www.venustheme.com/LICENSE-1.0.html
 */
-->
<page xmlns:xsi="http://www.w3.org/2001/XMLSchema-instance" layout="1column" xsi:noNamespaceSchemaLocation="urn:magento:framework:View/Layout/etc/page_configuration.xsd">
    <body>
        <referenceContainer name="content">
            <block class="Magento\Framework\View\Element\Template" name="vesbrand.list.header" template="Ves_Brand::brandlist-header.phtml" before="-"/>
            <block class="Ves\Brand\Block\BrandFilter" name="vesbrand.list.filters" template="Ves_Brand::brandlist-filters.phtml" before="vesbrand.list"/>
            <block class="Ves\Brand\Block\Brandpage" name="vesbrand.list">
                <block class="Magento\Framework\View\Element\Template" name="brand_veryfair" template="Ves_Brand::veryfair.phtml"/>
                <block class="Ves\Brand\Block\Toolbar" name="vesbrand_toolbar" template="Ves_Brand::toolbar.phtml">
                    <block class="Magento\Theme\Block\Html\Pager" name="brand_list_toolbar_pager"/>
                </block>
            </block>
            <block class="Magento\Framework\View\Element\Template" name="home.survey" template="Magento_Cms::home/survey.phtml"/>-->
            <block class="Magento\Framework\View\Element\Template" name="home.engage" template="Magento_Cms::home/engage.phtml">
                <block class="Magento\Cms\Block\Block" name="home.engage.brands">
                    <arguments>
                        <argument name="block_id" xsi:type="string">engage_brand_list</argument>
                    </arguments>
                </block>
            </block>
        </referenceContainer>


        <referenceBlock name="page.main.title" remove="true"/>
        <referenceContainer name="sidebar.main" remove="true"/>
        <referenceContainer name="brand.filters" remove="true"/>
    </body>
</page>
