<?xml version="1.0"?>
<!--
/**
 * Venustheme
 *
 * NOTICE OF LICENSE
 *
 * This source file is subject to the Venustheme.com license that is
 * available through the world-wide-web at this URL:
 * http://www.venustheme.com/license-agreement.html
 *
 * DISCLAIMER
 *
 * Do not edit or add to this file if you wish to upgrade this extension to newer
 * version in the future.
 *
 * @category   Venustheme
 * @package    Ves_Brand
 * @copyright  Copyright (c) 2014 Venustheme (http://www.venustheme.com/)
 * @license    http://www.venustheme.com/LICENSE-1.0.html
 */
-->
<page xmlns:xsi="http://www.w3.org/2001/XMLSchema-instance" layout="1column" xsi:noNamespaceSchemaLocation="urn:magento:framework:View/Layout/etc/page_configuration.xsd">
    <body>
        <referenceContainer name="content">
            <container name="brand.view.container" htmlTag="section" htmlClass="brand-view brand" after="-">
                <block class="Ves\Brand\Block\Brand\View" name="brand.title" template="Ves_Brand::brand/title.phtml" before="-"/>

                <container name="brand.view.wrapper" htmlTag="section" htmlClass="brand-view brand__wrapper" after="-">
                    <container name="brand.view.content" htmlTag="div" htmlClass="brand-view brand__box brand__box--left">
                        <block class="Ves\Brand\Block\Brand\View" name="brand.header" template="Ves_Brand::brand/header.phtml" before="brand.image">
                            <block class="Ves\Brand\Block\Brand\View" name="brand.description" template="Ves_Brand::brand/description.phtml"/>
                        </block>
                        <block class="Ves\Brand\Block\Brand\View" name="brand.image" template="Ves_Brand::brand/image.phtml"/>
                    </container>

                    <container name="brand.view.content-two" htmlTag="div" htmlClass="brand-view brand__box brand__box--right">

                        <container name="brand.view.content-three" htmlTag="div" htmlClass="brand-view brand__box">
                            <block class="Ves\Brand\Block\Brand\View" name="brand.list" template="Ves_Brand::brand/list.phtml"/>
                        </container>

                        <container name="brand.view.content-four" htmlTag="div" htmlClass="brand-view brand__box">
                            <block class="Ves\Brand\Block\Brand\View" name="brand.figures" template="Ves_Brand::brand/figures.phtml"/>
                        </container>

                    </container>
                </container>

                <container name="brand.view.wrapper-two" htmlTag="section" htmlClass="brand-view brand__wrapper" after="-">
                    <container name="brand.view.content-five" htmlTag="div" htmlClass="brand-view brand__box brand__box--left">
                        <block class="Ves\Brand\Block\Brand\View" name="brand.info" template="Ves_Brand::brand/info.phtml" />
                    </container>

                    <container name="brand.view.content-six" htmlTag="div" htmlClass="brand-view brand__box brand__box--right">
                        <block class="Ves\Brand\Block\Brand\View" name="brand.map" template="Ves_Brand::brand/map.phtml"/>
                    </container>
                </container>


                <block class="Ves\Brand\Block\Brand\View" name="brand.footer" template="Ves_Brand::brand/footer.phtml" after="-"/>

            </container>
        </referenceContainer>
        <referenceBlock name="page.main.title" remove="true"/>
        <referenceContainer name="page.messages" remove="true"/>
        <!-- <referenceBlock name="brand.products" remove="true"/> -->
    </body>
</page>
